{"cameraMode":{"drawMode":0,"name":"Shaded","section":"Shading Mode"},"sceneLighting":true,"audioPlay":false,"sceneViewState":{"showFog":true,"showMaterialUpdate":false,"showSkybox":true,"showFlares":true,"showImageEffects":true,"showParticleSystems":true},"in2DMode":false,"pivot":{"x":-0.27151039242744448,"y":-7.680535316467285,"z":-16.318172454833986},"rotation":{"x":0.0004916366888210177,"y":0.9946130514144898,"z":-0.1036236435174942,"w":0.004776229616254568},"size":24.693294525146486,"orthographic":false}